{
    "metadata":{
        "version":3,
        "uvs":0,
        "generator":"io_three",
        "faces":92,
        "type":"Geometry",
        "vertices":64,
        "normals":40
    },
    "uvs":[],
    "faces":[33,0,1,3,2,0,0,0,0,33,2,3,5,4,1,1,1,1,33,4,5,7,6,2,2,2,2,33,6,7,9,8,3,3,3,3,33,8,9,11,10,4,4,4,4,33,10,11,13,12,5,5,5,5,33,12,13,15,14,6,6,6,6,33,14,15,17,16,7,7,7,7,33,16,17,19,18,8,8,8,8,33,18,19,21,20,9,9,9,9,33,20,21,23,22,10,10,10,10,33,22,23,25,24,11,11,11,11,33,24,25,27,26,12,12,12,12,33,26,27,29,28,13,13,13,13,33,28,29,31,30,14,14,14,14,33,30,31,33,32,15,15,15,15,33,32,33,35,34,16,16,16,16,33,34,35,37,36,17,17,17,17,33,36,37,39,38,18,18,18,18,33,38,39,41,40,19,19,19,19,33,40,41,43,42,20,20,20,20,33,42,43,45,44,21,21,21,21,33,44,45,47,46,22,22,22,22,33,46,47,49,48,23,23,23,23,33,48,49,51,50,24,24,24,24,33,50,51,53,52,25,25,25,25,33,52,53,55,54,26,26,26,26,33,54,55,57,56,27,27,27,27,33,56,57,59,58,28,28,28,28,33,58,59,61,60,29,29,29,29,32,5,3,1,30,30,30,32,1,63,61,31,31,31,32,61,59,57,30,30,30,32,57,55,53,30,30,30,32,53,51,49,30,30,30,32,49,47,45,30,30,30,32,45,43,41,31,31,31,32,41,39,37,30,30,30,32,37,35,33,30,30,30,32,33,31,29,30,30,30,32,29,27,25,30,30,30,32,25,23,21,30,30,30,32,21,19,17,31,31,31,32,17,15,13,30,30,30,32,13,11,9,30,30,30,32,9,7,5,30,30,30,32,5,1,61,32,32,32,32,61,57,53,31,31,31,32,53,49,45,30,30,30,32,45,41,37,30,30,30,32,37,33,29,30,30,30,32,29,25,21,30,30,30,32,21,17,13,33,33,33,32,13,9,5,30,30,30,32,5,61,53,32,32,32,32,53,45,37,31,31,31,32,37,29,21,31,31,31,32,21,13,5,30,30,30,32,5,53,37,30,30,30,32,37,21,5,33,33,33,33,60,61,63,62,34,34,34,34,33,1,0,62,63,35,35,35,35,32,62,0,2,36,36,36,32,2,4,6,37,37,37,32,6,8,10,38,38,38,32,10,12,14,37,37,37,32,14,16,18,39,39,39,32,18,20,22,37,37,37,32,22,24,26,37,37,37,32,26,28,30,37,37,37,32,30,32,34,37,37,37,32,34,36,38,37,37,37,32,38,40,42,37,37,37,32,42,44,46,37,37,37,32,46,48,50,37,37,37,32,50,52,54,37,37,37,32,54,56,58,37,37,37,32,58,60,62,37,37,37,32,62,2,6,37,37,37,32,6,10,14,37,37,37,32,14,18,22,39,39,39,32,22,26,30,37,37,37,32,30,34,38,37,37,37,32,38,42,46,37,37,37,32,46,50,54,37,37,37,32,54,58,62,37,37,37,32,62,6,14,37,37,37,32,14,22,30,37,37,37,32,30,38,46,37,37,37,32,46,54,62,37,37,37,32,62,14,30,39,39,39,32,30,46,62,37,37,37],
    "vertices":[0,0.23,-0.6,0,2.97,-0.6,0.117054,0.23,-0.588471,0.117054,2.97,-0.588471,0.22961,0.23,-0.554328,0.22961,2.97,-0.554328,0.333342,0.23,-0.498882,0.333342,2.97,-0.498882,0.424264,0.23,-0.424264,0.424264,2.97,-0.424264,0.498882,0.23,-0.333342,0.498882,2.97,-0.333342,0.554328,0.23,-0.22961,0.554328,2.97,-0.22961,0.588471,0.23,-0.117054,0.588471,2.97,-0.117054,0.6,0.23,-5.53524e-08,0.6,2.97,-1.75122e-07,0.588471,0.23,0.117054,0.588471,2.97,0.117054,0.554328,0.23,0.22961,0.554328,2.97,0.22961,0.498882,0.23,0.333342,0.498882,2.97,0.333342,0.424264,0.23,0.424264,0.424264,2.97,0.424264,0.333342,0.23,0.498882,0.333342,2.97,0.498882,0.22961,0.23,0.554328,0.22961,2.97,0.554328,0.117054,0.23,0.588471,0.117054,2.97,0.588471,-1.95505e-07,0.23,0.6,-1.95505e-07,2.97,0.6,-0.117054,0.23,0.588471,-0.117054,2.97,0.588471,-0.22961,0.23,0.554328,-0.22961,2.97,0.554327,-0.333342,0.23,0.498882,-0.333342,2.97,0.498881,-0.424264,0.23,0.424264,-0.424264,2.97,0.424264,-0.498882,0.23,0.333342,-0.498882,2.97,0.333342,-0.554328,0.23,0.22961,-0.554328,2.97,0.229609,-0.588471,0.23,0.117054,-0.588471,2.97,0.117054,-0.6,0.23,-5.89413e-07,-0.6,2.97,-7.09182e-07,-0.588471,0.23,-0.117055,-0.588471,2.97,-0.117055,-0.554327,0.23,-0.229611,-0.554327,2.97,-0.229611,-0.498881,0.23,-0.333343,-0.498881,2.97,-0.333343,-0.424264,0.23,-0.424265,-0.424264,2.97,-0.424265,-0.333341,0.23,-0.498882,-0.333341,2.97,-0.498882,-0.229609,0.23,-0.554328,-0.229609,2.97,-0.554328,-0.117053,0.23,-0.588471,-0.117053,2.97,-0.588471],
    "normals":[0.0980173,-4.33468e-08,-0.995185,0.290285,-4.15407e-08,-0.95694,0.471397,-3.82897e-08,-0.881921,0.634393,-3.3955e-08,-0.77301,0.77301,-2.7453e-08,-0.634393,0.881921,-2.0951e-08,-0.471397,0.95694,-1.26428e-08,-0.290285,0.995185,-4.33469e-09,-0.0980173,0.995185,4.33469e-09,0.0980168,0.95694,1.26428e-08,0.290285,0.881921,2.02285e-08,0.471397,0.77301,2.7453e-08,0.634393,0.634393,3.3955e-08,0.77301,0.471397,3.82897e-08,0.881921,0.290285,4.15407e-08,0.95694,0.0980167,4.33468e-08,0.995185,-0.0980177,4.31662e-08,0.995185,-0.290285,4.15407e-08,0.95694,-0.471397,3.82897e-08,0.881921,-0.634394,3.32326e-08,0.77301,-0.773011,2.7453e-08,0.634393,-0.881922,2.02285e-08,0.471396,-0.956941,1.26428e-08,0.290284,-0.995185,4.33468e-09,0.0980162,-0.995185,-4.33468e-09,-0.0980183,-0.95694,-1.26428e-08,-0.290286,-0.881921,-2.02285e-08,-0.471398,-0.77301,-2.81754e-08,-0.634394,-0.634392,-3.32326e-08,-0.773011,-0.471396,-3.82897e-08,-0.881922,0,1,0,0,1,0,-0,1,0,0,1,-0,-0.290283,-4.15407e-08,-0.956941,-0.0980165,-4.31666e-08,-0.995185,-0,-1,0,0,-1,0,0,-1,0,0,-1,-0]
}