{
    "normals":[-0.971281,-9.45377e-09,-0.237933,-0.901548,-1.64673e-08,-0.432679,-0.794906,-2.21598e-08,-0.606733,-0.658137,-2.76888e-08,-0.752898,-0.498897,-4.79013e-08,-0.866662,-0.324617,-6.88514e-08,-0.945845,-0.141911,-7.22353e-08,-0.989879,0.043541,-7.31888e-08,-0.999052,0.226728,-7.08189e-08,-0.973958,0.402881,-6.71956e-08,-0.915252,0.567016,-4.51485e-08,-0.823707,0.713581,-2.50912e-08,-0.700573,0.836362,-1.96129e-08,-0.548177,0.928786,-1.39957e-08,-0.370617,0.984694,-7.05743e-09,-0.174295,0.999487,1.47715e-09,0.0320281,0.971281,1.00446e-08,0.237934,0.901548,1.64673e-08,0.432679,0.794906,2.21598e-08,0.606733,0.658136,2.76888e-08,0.752899,0.498896,4.79013e-08,0.866662,0.324617,6.99801e-08,0.945846,0.14191,7.22353e-08,0.98988,-0.0435419,7.30493e-08,0.999052,-0.226729,7.13764e-08,0.973958,-0.402882,6.71956e-08,0.915252,-0.567017,4.51485e-08,0.823706,-0.713582,2.50912e-08,0.700572,-0.836363,2.07666e-08,0.548176,-0.928787,1.28294e-08,0.370615,0,1,0,0,1,0,0,1,-0,-0,1,0,0,1,-0,-0.984694,7.64555e-09,0.174294,-0.999487,-1.47716e-09,-0.0320288,0,-1,0,0,-1,0,-0,-1,0],
    "vertices":[-2.74571,-0.418031,-0.264678,-2.74571,6.0962,-0.264679,-2.63056,-0.418031,-0.73471,-2.63056,6.0962,-0.734711,-2.4202,-0.418031,-1.17303,-2.4202,6.0962,-1.17303,-2.12271,-0.418031,-1.56279,-2.12271,6.0962,-1.56279,-1.74951,-0.418031,-1.88902,-1.74951,6.0962,-1.88902,-1.31495,-0.418031,-2.13917,-1.31495,6.0962,-2.13918,-0.835729,-0.418031,-2.30364,-0.835729,6.0962,-2.30364,-0.330265,-0.418031,-2.37611,-0.330265,6.0962,-2.37611,0.182018,-0.418031,-2.35378,0.182018,6.0962,-2.35378,0.681434,-0.418031,-2.23752,0.681434,6.0962,-2.23752,1.14879,-0.418031,-2.0318,1.14879,6.0962,-2.0318,1.56613,-0.418031,-1.74452,1.56613,6.0962,-1.74452,1.91741,-0.418031,-1.38671,1.91741,6.0962,-1.38671,2.18913,-0.418031,-0.972144,2.18913,6.0962,-0.972144,2.37085,-0.418031,-0.516736,2.37085,6.0962,-0.516736,2.45559,-0.418031,-0.0379926,2.45559,6.0962,-0.0379929,2.44009,-0.418031,0.445689,2.44009,6.0962,0.445689,2.32495,-0.418031,0.915721,2.32495,6.0962,0.915721,2.11459,-0.418031,1.35404,2.11459,6.0962,1.35404,1.81709,-0.418031,1.7438,1.81709,6.0962,1.7438,1.44389,-0.418031,2.07003,1.44389,6.0962,2.07003,1.00933,-0.418031,2.32019,1.00933,6.0962,2.32019,0.530111,-0.418031,2.48466,0.530111,6.0962,2.48465,0.0246473,-0.418031,2.55712,0.0246473,6.0962,2.55712,-0.487636,-0.418031,2.53479,-0.487636,6.0962,2.53479,-0.987052,-0.418031,2.41853,-0.987052,6.0962,2.41853,-1.45441,-0.418031,2.21281,-1.45441,6.0962,2.21281,-1.87175,-0.418031,1.92552,-1.87175,6.0962,1.92552,-2.22302,-0.418031,1.56772,-2.22302,6.0962,1.56772,-2.49475,-0.418031,1.15315,-2.49475,6.0962,1.15315,-2.67647,-0.418031,0.697743,-2.67647,6.0962,0.697743,-2.76121,-0.418031,0.218999,-2.76121,6.0962,0.218999],
    "metadata":{
        "normals":40,
        "vertices":64,
        "faces":92,
        "type":"Geometry",
        "generator":"io_three",
        "version":3,
        "uvs":0
    },
    "faces":[33,0,1,3,2,0,0,0,0,33,2,3,5,4,1,1,1,1,33,4,5,7,6,2,2,2,2,33,6,7,9,8,3,3,3,3,33,8,9,11,10,4,4,4,4,33,10,11,13,12,5,5,5,5,33,12,13,15,14,6,6,6,6,33,14,15,17,16,7,7,7,7,33,16,17,19,18,8,8,8,8,33,18,19,21,20,9,9,9,9,33,20,21,23,22,10,10,10,10,33,22,23,25,24,11,11,11,11,33,24,25,27,26,12,12,12,12,33,26,27,29,28,13,13,13,13,33,28,29,31,30,14,14,14,14,33,30,31,33,32,15,15,15,15,33,32,33,35,34,16,16,16,16,33,34,35,37,36,17,17,17,17,33,36,37,39,38,18,18,18,18,33,38,39,41,40,19,19,19,19,33,40,41,43,42,20,20,20,20,33,42,43,45,44,21,21,21,21,33,44,45,47,46,22,22,22,22,33,46,47,49,48,23,23,23,23,33,48,49,51,50,24,24,24,24,33,50,51,53,52,25,25,25,25,33,52,53,55,54,26,26,26,26,33,54,55,57,56,27,27,27,27,33,56,57,59,58,28,28,28,28,33,58,59,61,60,29,29,29,29,32,5,3,1,30,30,30,32,1,63,61,30,30,30,32,61,59,57,31,31,31,32,57,55,53,30,30,30,32,53,51,49,30,30,30,32,49,47,45,30,30,30,32,45,43,41,30,30,30,32,41,39,37,30,30,30,32,37,35,33,30,30,30,32,33,31,29,32,32,32,32,29,27,25,30,30,30,32,25,23,21,31,31,31,32,21,19,17,30,30,30,32,17,15,13,33,33,33,32,13,11,9,30,30,30,32,9,7,5,31,31,31,32,5,1,61,31,31,31,32,61,57,53,30,30,30,32,53,49,45,30,30,30,32,45,41,37,30,30,30,32,37,33,29,34,34,34,32,29,25,21,30,30,30,32,21,17,13,33,33,33,32,13,9,5,31,31,31,32,5,61,53,30,30,30,32,53,45,37,30,30,30,32,37,29,21,32,32,32,32,21,13,5,33,33,33,32,5,53,37,30,30,30,32,37,21,5,33,33,33,33,60,61,63,62,35,35,35,35,33,1,0,62,63,36,36,36,36,32,62,0,2,37,37,37,32,2,4,6,37,37,37,32,6,8,10,37,37,37,32,10,12,14,38,38,38,32,14,16,18,37,37,37,32,18,20,22,37,37,37,32,22,24,26,37,37,37,32,26,28,30,37,37,37,32,30,32,34,38,38,38,32,34,36,38,37,37,37,32,38,40,42,37,37,37,32,42,44,46,37,37,37,32,46,48,50,37,37,37,32,50,52,54,37,37,37,32,54,56,58,37,37,37,32,58,60,62,37,37,37,32,62,2,6,37,37,37,32,6,10,14,37,37,37,32,14,18,22,38,38,38,32,22,26,30,37,37,37,32,30,34,38,37,37,37,32,38,42,46,37,37,37,32,46,50,54,37,37,37,32,54,58,62,38,38,38,32,62,6,14,37,37,37,32,14,22,30,37,37,37,32,30,38,46,37,37,37,32,46,54,62,37,37,37,32,62,14,30,39,39,39,32,30,46,62,37,37,37],
    "uvs":[]
}